"","cells","clust_assign"
"1","mouse2_lib1.final_cell_0001","beta"
"2","mouse2_lib1.final_cell_0002","beta"
"3","mouse2_lib1.final_cell_0003","beta"
"4","mouse2_lib1.final_cell_0004","ductal"
"5","mouse2_lib1.final_cell_0005","beta"
"6","mouse2_lib1.final_cell_0006","beta"
"7","mouse2_lib1.final_cell_0007","beta"
"8","mouse2_lib1.final_cell_0008","beta"
"9","mouse2_lib1.final_cell_0009","delta"
"10","mouse2_lib1.final_cell_0010","beta"
"11","mouse2_lib1.final_cell_0011","beta"
"12","mouse2_lib1.final_cell_0012","beta"
"13","mouse2_lib1.final_cell_0013","alpha"
"14","mouse2_lib1.final_cell_0014","delta"
"15","mouse2_lib1.final_cell_0015","beta"
"16","mouse2_lib1.final_cell_0016","beta"
"17","mouse2_lib1.final_cell_0017","beta"
"18","mouse2_lib1.final_cell_0018","beta"
"19","mouse2_lib1.final_cell_0019","beta"
"20","mouse2_lib1.final_cell_0020","beta"
"21","mouse2_lib1.final_cell_0021","beta"
"22","mouse2_lib1.final_cell_0022","beta"
"23","mouse2_lib1.final_cell_0023","beta"
"24","mouse2_lib1.final_cell_0024","alpha"
"25","mouse2_lib1.final_cell_0025","beta"
"26","mouse2_lib1.final_cell_0026","beta"
"27","mouse2_lib1.final_cell_0027","beta"
"28","mouse2_lib1.final_cell_0028","beta"
"29","mouse2_lib1.final_cell_0029","beta"
"30","mouse2_lib1.final_cell_0030","ductal"
"31","mouse2_lib1.final_cell_0031","beta"
"32","mouse2_lib1.final_cell_0032","beta"
"33","mouse2_lib1.final_cell_0033","delta"
"34","mouse2_lib1.final_cell_0034","delta"
"35","mouse2_lib1.final_cell_0035","alpha"
"36","mouse2_lib1.final_cell_0036","beta"
"37","mouse2_lib1.final_cell_0037","alpha"
"38","mouse2_lib1.final_cell_0038","beta"
"39","mouse2_lib1.final_cell_0039","gamma"
"40","mouse2_lib1.final_cell_0040","delta"
"41","mouse2_lib1.final_cell_0041","beta"
"42","mouse2_lib1.final_cell_0042","delta"
"43","mouse2_lib1.final_cell_0043","beta"
"44","mouse2_lib1.final_cell_0044","delta"
"45","mouse2_lib1.final_cell_0045","delta"
"46","mouse2_lib1.final_cell_0046","beta"
"47","mouse2_lib1.final_cell_0047","beta"
"48","mouse2_lib1.final_cell_0048","alpha"
"49","mouse2_lib1.final_cell_0049","beta"
"50","mouse2_lib1.final_cell_0050","beta"
"51","mouse2_lib1.final_cell_0051","beta"
"52","mouse2_lib1.final_cell_0052","beta"
"53","mouse2_lib1.final_cell_0053","alpha"
"54","mouse2_lib1.final_cell_0054","beta"
"55","mouse2_lib1.final_cell_0055","beta"
"56","mouse2_lib1.final_cell_0056","alpha"
"57","mouse2_lib1.final_cell_0057","beta"
"58","mouse2_lib1.final_cell_0058","beta"
"59","mouse2_lib1.final_cell_0059","delta"
"60","mouse2_lib1.final_cell_0060","delta"
"61","mouse2_lib1.final_cell_0061","beta"
"62","mouse2_lib1.final_cell_0062","alpha"
"63","mouse2_lib1.final_cell_0063","ductal"
"64","mouse2_lib1.final_cell_0064","delta"
"65","mouse2_lib1.final_cell_0065","beta"
"66","mouse2_lib1.final_cell_0066","beta"
"67","mouse2_lib1.final_cell_0067","alpha"
"68","mouse2_lib1.final_cell_0068","alpha"
"69","mouse2_lib1.final_cell_0069","beta"
"70","mouse2_lib1.final_cell_0070","alpha"
"71","mouse2_lib1.final_cell_0071","alpha"
"72","mouse2_lib1.final_cell_0072","alpha"
"73","mouse2_lib1.final_cell_0073","beta"
"74","mouse2_lib1.final_cell_0074","beta"
"75","mouse2_lib1.final_cell_0075","beta"
"76","mouse2_lib1.final_cell_0076","alpha"
"77","mouse2_lib1.final_cell_0077","beta"
"78","mouse2_lib1.final_cell_0078","endothelial"
"79","mouse2_lib1.final_cell_0079","beta"
"80","mouse2_lib1.final_cell_0080","beta"
"81","mouse2_lib1.final_cell_0081","beta"
"82","mouse2_lib1.final_cell_0082","delta"
"83","mouse2_lib1.final_cell_0083","B_cell"
"84","mouse2_lib1.final_cell_0084","alpha"
"85","mouse2_lib1.final_cell_0085","alpha"
"86","mouse2_lib1.final_cell_0086","ductal"
"87","mouse2_lib1.final_cell_0087","beta"
"88","mouse2_lib1.final_cell_0088","beta"
"89","mouse2_lib1.final_cell_0089","beta"
"90","mouse2_lib1.final_cell_0090","beta"
"91","mouse2_lib1.final_cell_0091","delta"
"92","mouse2_lib1.final_cell_0092","alpha"
"93","mouse2_lib1.final_cell_0093","beta"
"94","mouse2_lib1.final_cell_0094","beta"
"95","mouse2_lib1.final_cell_0095","beta"
"96","mouse2_lib1.final_cell_0096","beta"
"97","mouse2_lib1.final_cell_0097","delta"
"98","mouse2_lib1.final_cell_0098","delta"
"99","mouse2_lib1.final_cell_0099","delta"
"100","mouse2_lib1.final_cell_0100","delta"
"101","mouse2_lib1.final_cell_0101","beta"
"102","mouse2_lib1.final_cell_0102","beta"
"103","mouse2_lib1.final_cell_0103","beta"
"104","mouse2_lib1.final_cell_0104","delta"
"105","mouse2_lib1.final_cell_0105","beta"
"106","mouse2_lib1.final_cell_0106","beta"
"107","mouse2_lib1.final_cell_0107","alpha"
"108","mouse2_lib1.final_cell_0108","beta"
"109","mouse2_lib1.final_cell_0109","delta"
"110","mouse2_lib1.final_cell_0110","gamma"
"111","mouse2_lib1.final_cell_0111","beta"
"112","mouse2_lib1.final_cell_0112","delta"
"113","mouse2_lib1.final_cell_0113","beta"
"114","mouse2_lib1.final_cell_0114","beta"
"115","mouse2_lib1.final_cell_0115","beta"
"116","mouse2_lib1.final_cell_0116","delta"
"117","mouse2_lib1.final_cell_0117","beta"
"118","mouse2_lib1.final_cell_0118","gamma"
"119","mouse2_lib1.final_cell_0119","gamma"
"120","mouse2_lib1.final_cell_0120","ductal"
"121","mouse2_lib1.final_cell_0121","beta"
"122","mouse2_lib1.final_cell_0122","beta"
"123","mouse2_lib1.final_cell_0123","beta"
"124","mouse2_lib1.final_cell_0124","beta"
"125","mouse2_lib1.final_cell_0125","beta"
"126","mouse2_lib1.final_cell_0126","beta"
"127","mouse2_lib1.final_cell_0127","alpha"
"128","mouse2_lib1.final_cell_0128","alpha"
"129","mouse2_lib1.final_cell_0129","endothelial"
"130","mouse2_lib1.final_cell_0130","beta"
"131","mouse2_lib1.final_cell_0131","beta"
"132","mouse2_lib1.final_cell_0132","beta"
"133","mouse2_lib1.final_cell_0133","beta"
"134","mouse2_lib1.final_cell_0134","beta"
"135","mouse2_lib1.final_cell_0135","beta"
"136","mouse2_lib1.final_cell_0136","beta"
"137","mouse2_lib1.final_cell_0137","beta"
"138","mouse2_lib1.final_cell_0138","alpha"
"139","mouse2_lib1.final_cell_0139","beta"
"140","mouse2_lib1.final_cell_0140","beta"
"141","mouse2_lib1.final_cell_0141","ductal"
"142","mouse2_lib1.final_cell_0142","ductal"
"143","mouse2_lib1.final_cell_0143","beta"
"144","mouse2_lib1.final_cell_0144","gamma"
"145","mouse2_lib1.final_cell_0145","delta"
"146","mouse2_lib1.final_cell_0146","gamma"
"147","mouse2_lib1.final_cell_0147","beta"
"148","mouse2_lib1.final_cell_0148","alpha"
"149","mouse2_lib1.final_cell_0149","alpha"
"150","mouse2_lib1.final_cell_0150","beta"
"151","mouse2_lib1.final_cell_0151","beta"
"152","mouse2_lib1.final_cell_0152","ductal"
"153","mouse2_lib1.final_cell_0153","alpha"
"154","mouse2_lib1.final_cell_0154","beta"
"155","mouse2_lib1.final_cell_0155","beta"
"156","mouse2_lib1.final_cell_0156","alpha"
"157","mouse2_lib1.final_cell_0157","alpha"
"158","mouse2_lib1.final_cell_0158","alpha"
"159","mouse2_lib1.final_cell_0159","beta"
"160","mouse2_lib1.final_cell_0160","beta"
"161","mouse2_lib1.final_cell_0161","beta"
"162","mouse2_lib1.final_cell_0162","gamma"
"163","mouse2_lib1.final_cell_0163","delta"
"164","mouse2_lib1.final_cell_0164","beta"
"165","mouse2_lib1.final_cell_0165","alpha"
"166","mouse2_lib1.final_cell_0166","beta"
"167","mouse2_lib1.final_cell_0167","delta"
"168","mouse2_lib1.final_cell_0168","beta"
"169","mouse2_lib1.final_cell_0169","delta"
"170","mouse2_lib1.final_cell_0170","beta"
"171","mouse2_lib1.final_cell_0171","alpha"
"172","mouse2_lib1.final_cell_0172","beta"
"173","mouse2_lib1.final_cell_0173","delta"
"174","mouse2_lib1.final_cell_0174","beta"
"175","mouse2_lib1.final_cell_0175","alpha"
"176","mouse2_lib1.final_cell_0176","beta"
"177","mouse2_lib1.final_cell_0177","beta"
"178","mouse2_lib1.final_cell_0178","alpha"
"179","mouse2_lib1.final_cell_0179","beta"
"180","mouse2_lib1.final_cell_0180","beta"
"181","mouse2_lib1.final_cell_0181","alpha"
"182","mouse2_lib1.final_cell_0182","alpha"
"183","mouse2_lib1.final_cell_0183","beta"
"184","mouse2_lib1.final_cell_0184","alpha"
"185","mouse2_lib1.final_cell_0185","beta"
"186","mouse2_lib1.final_cell_0186","alpha"
"187","mouse2_lib1.final_cell_0187","alpha"
"188","mouse2_lib1.final_cell_0188","beta"
"189","mouse2_lib1.final_cell_0189","alpha"
"190","mouse2_lib1.final_cell_0190","beta"
"191","mouse2_lib1.final_cell_0191","beta"
"192","mouse2_lib1.final_cell_0192","beta"
"193","mouse2_lib1.final_cell_0193","beta"
"194","mouse2_lib1.final_cell_0194","alpha"
"195","mouse2_lib1.final_cell_0195","beta"
"196","mouse2_lib1.final_cell_0196","alpha"
"197","mouse2_lib1.final_cell_0197","beta"
"198","mouse2_lib1.final_cell_0198","macrophage"
"199","mouse2_lib1.final_cell_0199","alpha"
"200","mouse2_lib1.final_cell_0200","beta"
"201","mouse2_lib1.final_cell_0201","beta"
"202","mouse2_lib1.final_cell_0202","beta"
"203","mouse2_lib1.final_cell_0203","delta"
"204","mouse2_lib1.final_cell_0204","gamma"
"205","mouse2_lib1.final_cell_0205","macrophage"
"206","mouse2_lib1.final_cell_0206","gamma"
"207","mouse2_lib1.final_cell_0207","beta"
"208","mouse2_lib1.final_cell_0208","macrophage"
"209","mouse2_lib1.final_cell_0209","alpha"
"210","mouse2_lib1.final_cell_0210","alpha"
"211","mouse2_lib1.final_cell_0211","beta"
"212","mouse2_lib1.final_cell_0212","beta"
"213","mouse2_lib1.final_cell_0213","endothelial"
"214","mouse2_lib1.final_cell_0214","beta"
"215","mouse2_lib1.final_cell_0215","beta"
"216","mouse2_lib1.final_cell_0216","delta"
"217","mouse2_lib1.final_cell_0217","gamma"
"218","mouse2_lib1.final_cell_0218","beta"
"219","mouse2_lib1.final_cell_0219","beta"
"220","mouse2_lib1.final_cell_0220","immune_other"
"221","mouse2_lib1.final_cell_0221","beta"
"222","mouse2_lib1.final_cell_0222","delta"
"223","mouse2_lib1.final_cell_0223","beta"
"224","mouse2_lib1.final_cell_0224","delta"
"225","mouse2_lib1.final_cell_0225","beta"
"226","mouse2_lib1.final_cell_0226","beta"
"227","mouse2_lib1.final_cell_0227","beta"
"228","mouse2_lib1.final_cell_0228","beta"
"229","mouse2_lib1.final_cell_0229","alpha"
"230","mouse2_lib1.final_cell_0230","alpha"
"231","mouse2_lib1.final_cell_0231","gamma"
"232","mouse2_lib1.final_cell_0232","macrophage"
"233","mouse2_lib1.final_cell_0233","beta"
"234","mouse2_lib1.final_cell_0234","beta"
"235","mouse2_lib1.final_cell_0235","alpha"
"236","mouse2_lib1.final_cell_0236","delta"
"237","mouse2_lib1.final_cell_0237","activated_stellate"
"238","mouse2_lib1.final_cell_0238","beta"
"239","mouse2_lib1.final_cell_0239","beta"
"240","mouse2_lib1.final_cell_0240","endothelial"
"241","mouse2_lib1.final_cell_0241","beta"
"242","mouse2_lib1.final_cell_0242","beta"
"243","mouse2_lib1.final_cell_0243","beta"
"244","mouse2_lib1.final_cell_0244","beta"
"245","mouse2_lib1.final_cell_0245","beta"
"246","mouse2_lib1.final_cell_0246","endothelial"
"247","mouse2_lib1.final_cell_0247","alpha"
"248","mouse2_lib1.final_cell_0248","alpha"
"249","mouse2_lib1.final_cell_0249","alpha"
"250","mouse2_lib1.final_cell_0250","beta"
"251","mouse2_lib1.final_cell_0251","macrophage"
"252","mouse2_lib1.final_cell_0252","macrophage"
"253","mouse2_lib1.final_cell_0253","beta"
"254","mouse2_lib1.final_cell_0254","beta"
"255","mouse2_lib1.final_cell_0255","beta"
"256","mouse2_lib1.final_cell_0256","delta"
"257","mouse2_lib1.final_cell_0257","beta"
"258","mouse2_lib1.final_cell_0258","beta"
"259","mouse2_lib1.final_cell_0259","delta"
"260","mouse2_lib1.final_cell_0260","beta"
"261","mouse2_lib1.final_cell_0261","delta"
"262","mouse2_lib1.final_cell_0262","delta"
"263","mouse2_lib1.final_cell_0263","endothelial"
"264","mouse2_lib1.final_cell_0264","delta"
"265","mouse2_lib1.final_cell_0265","beta"
"266","mouse2_lib1.final_cell_0266","beta"
"267","mouse2_lib1.final_cell_0267","ductal"
"268","mouse2_lib1.final_cell_0268","ductal"
"269","mouse2_lib1.final_cell_0269","alpha"
"270","mouse2_lib1.final_cell_0270","endothelial"
"271","mouse2_lib1.final_cell_0271","beta"
"272","mouse2_lib1.final_cell_0272","alpha"
"273","mouse2_lib1.final_cell_0273","alpha"
"274","mouse2_lib1.final_cell_0274","endothelial"
"275","mouse2_lib1.final_cell_0275","beta"
"276","mouse2_lib1.final_cell_0276","beta"
"277","mouse2_lib1.final_cell_0277","beta"
"278","mouse2_lib1.final_cell_0278","beta"
"279","mouse2_lib1.final_cell_0279","beta"
"280","mouse2_lib1.final_cell_0280","B_cell"
"281","mouse2_lib1.final_cell_0281","beta"
"282","mouse2_lib1.final_cell_0282","quiescent_stellate"
"283","mouse2_lib1.final_cell_0283","alpha"
"284","mouse2_lib1.final_cell_0284","alpha"
"285","mouse2_lib1.final_cell_0285","activated_stellate"
"286","mouse2_lib1.final_cell_0286","endothelial"
"287","mouse2_lib1.final_cell_0287","beta"
"288","mouse2_lib1.final_cell_0288","beta"
"289","mouse2_lib1.final_cell_0289","gamma"
"290","mouse2_lib1.final_cell_0290","endothelial"
"291","mouse2_lib1.final_cell_0291","beta"
"292","mouse2_lib1.final_cell_0292","activated_stellate"
"293","mouse2_lib1.final_cell_0293","alpha"
"294","mouse2_lib1.final_cell_0294","quiescent_stellate"
"295","mouse2_lib1.final_cell_0295","beta"
"296","mouse2_lib1.final_cell_0296","delta"
"297","mouse2_lib1.final_cell_0297","beta"
"298","mouse2_lib1.final_cell_0298","endothelial"
"299","mouse2_lib1.final_cell_0299","beta"
"300","mouse2_lib1.final_cell_0300","beta"
"301","mouse2_lib1.final_cell_0301","B_cell"
"302","mouse2_lib1.final_cell_0302","activated_stellate"
"303","mouse2_lib1.final_cell_0303","macrophage"
"304","mouse2_lib1.final_cell_0304","alpha"
"305","mouse2_lib1.final_cell_0305","endothelial"
"306","mouse2_lib1.final_cell_0306","macrophage"
"307","mouse2_lib1.final_cell_0307","beta"
"308","mouse2_lib1.final_cell_0308","delta"
"309","mouse2_lib1.final_cell_0309","beta"
"310","mouse2_lib1.final_cell_0310","delta"
"311","mouse2_lib1.final_cell_0311","delta"
"312","mouse2_lib1.final_cell_0312","beta"
"313","mouse2_lib1.final_cell_0313","beta"
"314","mouse2_lib1.final_cell_0314","beta"
"315","mouse2_lib1.final_cell_0315","delta"
"316","mouse2_lib1.final_cell_0316","beta"
"317","mouse2_lib1.final_cell_0317","quiescent_stellate"
"318","mouse2_lib1.final_cell_0318","B_cell"
"319","mouse2_lib1.final_cell_0319","endothelial"
"320","mouse2_lib1.final_cell_0320","endothelial"
"321","mouse2_lib2.final_cell_0001","beta"
"322","mouse2_lib2.final_cell_0002","beta"
"323","mouse2_lib2.final_cell_0003","beta"
"324","mouse2_lib2.final_cell_0004","delta"
"325","mouse2_lib2.final_cell_0005","beta"
"326","mouse2_lib2.final_cell_0006","beta"
"327","mouse2_lib2.final_cell_0007","ductal"
"328","mouse2_lib2.final_cell_0008","beta"
"329","mouse2_lib2.final_cell_0009","beta"
"330","mouse2_lib2.final_cell_0010","beta"
"331","mouse2_lib2.final_cell_0011","beta"
"332","mouse2_lib2.final_cell_0012","beta"
"333","mouse2_lib2.final_cell_0013","gamma"
"334","mouse2_lib2.final_cell_0014","beta"
"335","mouse2_lib2.final_cell_0015","alpha"
"336","mouse2_lib2.final_cell_0016","beta"
"337","mouse2_lib2.final_cell_0017","beta"
"338","mouse2_lib2.final_cell_0018","beta"
"339","mouse2_lib2.final_cell_0019","beta"
"340","mouse2_lib2.final_cell_0020","beta"
"341","mouse2_lib2.final_cell_0021","ductal"
"342","mouse2_lib2.final_cell_0022","alpha"
"343","mouse2_lib2.final_cell_0023","alpha"
"344","mouse2_lib2.final_cell_0024","beta"
"345","mouse2_lib2.final_cell_0025","alpha"
"346","mouse2_lib2.final_cell_0026","delta"
"347","mouse2_lib2.final_cell_0027","beta"
"348","mouse2_lib2.final_cell_0028","alpha"
"349","mouse2_lib2.final_cell_0029","beta"
"350","mouse2_lib2.final_cell_0030","delta"
"351","mouse2_lib2.final_cell_0031","alpha"
"352","mouse2_lib2.final_cell_0032","beta"
"353","mouse2_lib2.final_cell_0033","beta"
"354","mouse2_lib2.final_cell_0034","alpha"
"355","mouse2_lib2.final_cell_0035","delta"
"356","mouse2_lib2.final_cell_0036","alpha"
"357","mouse2_lib2.final_cell_0037","beta"
"358","mouse2_lib2.final_cell_0038","beta"
"359","mouse2_lib2.final_cell_0039","beta"
"360","mouse2_lib2.final_cell_0040","gamma"
"361","mouse2_lib2.final_cell_0041","gamma"
"362","mouse2_lib2.final_cell_0042","beta"
"363","mouse2_lib2.final_cell_0043","beta"
"364","mouse2_lib2.final_cell_0044","beta"
"365","mouse2_lib2.final_cell_0045","beta"
"366","mouse2_lib2.final_cell_0046","delta"
"367","mouse2_lib2.final_cell_0047","beta"
"368","mouse2_lib2.final_cell_0048","alpha"
"369","mouse2_lib2.final_cell_0049","beta"
"370","mouse2_lib2.final_cell_0050","alpha"
"371","mouse2_lib2.final_cell_0051","alpha"
"372","mouse2_lib2.final_cell_0052","alpha"
"373","mouse2_lib2.final_cell_0053","beta"
"374","mouse2_lib2.final_cell_0054","delta"
"375","mouse2_lib2.final_cell_0055","delta"
"376","mouse2_lib2.final_cell_0056","beta"
"377","mouse2_lib2.final_cell_0057","beta"
"378","mouse2_lib2.final_cell_0058","beta"
"379","mouse2_lib2.final_cell_0059","beta"
"380","mouse2_lib2.final_cell_0060","beta"
"381","mouse2_lib2.final_cell_0061","beta"
"382","mouse2_lib2.final_cell_0062","delta"
"383","mouse2_lib2.final_cell_0063","beta"
"384","mouse2_lib2.final_cell_0064","beta"
"385","mouse2_lib2.final_cell_0065","beta"
"386","mouse2_lib2.final_cell_0066","beta"
"387","mouse2_lib2.final_cell_0067","alpha"
"388","mouse2_lib2.final_cell_0068","delta"
"389","mouse2_lib2.final_cell_0069","beta"
"390","mouse2_lib2.final_cell_0070","delta"
"391","mouse2_lib2.final_cell_0071","beta"
"392","mouse2_lib2.final_cell_0072","beta"
"393","mouse2_lib2.final_cell_0073","beta"
"394","mouse2_lib2.final_cell_0074","beta"
"395","mouse2_lib2.final_cell_0075","beta"
"396","mouse2_lib2.final_cell_0076","delta"
"397","mouse2_lib2.final_cell_0077","beta"
"398","mouse2_lib2.final_cell_0078","beta"
"399","mouse2_lib2.final_cell_0079","delta"
"400","mouse2_lib2.final_cell_0080","schwann"
"401","mouse2_lib2.final_cell_0081","delta"
"402","mouse2_lib2.final_cell_0082","alpha"
"403","mouse2_lib2.final_cell_0083","delta"
"404","mouse2_lib2.final_cell_0084","beta"
"405","mouse2_lib2.final_cell_0085","delta"
"406","mouse2_lib2.final_cell_0086","delta"
"407","mouse2_lib2.final_cell_0087","beta"
"408","mouse2_lib2.final_cell_0088","delta"
"409","mouse2_lib2.final_cell_0089","delta"
"410","mouse2_lib2.final_cell_0090","beta"
"411","mouse2_lib2.final_cell_0091","alpha"
"412","mouse2_lib2.final_cell_0092","beta"
"413","mouse2_lib2.final_cell_0093","alpha"
"414","mouse2_lib2.final_cell_0094","alpha"
"415","mouse2_lib2.final_cell_0095","beta"
"416","mouse2_lib2.final_cell_0096","alpha"
"417","mouse2_lib2.final_cell_0097","beta"
"418","mouse2_lib2.final_cell_0098","gamma"
"419","mouse2_lib2.final_cell_0099","beta"
"420","mouse2_lib2.final_cell_0100","beta"
"421","mouse2_lib2.final_cell_0101","beta"
"422","mouse2_lib2.final_cell_0102","delta"
"423","mouse2_lib2.final_cell_0103","beta"
"424","mouse2_lib2.final_cell_0104","beta"
"425","mouse2_lib2.final_cell_0105","beta"
"426","mouse2_lib2.final_cell_0106","beta"
"427","mouse2_lib2.final_cell_0107","beta"
"428","mouse2_lib2.final_cell_0108","ductal"
"429","mouse2_lib2.final_cell_0109","beta"
"430","mouse2_lib2.final_cell_0110","beta"
"431","mouse2_lib2.final_cell_0111","delta"
"432","mouse2_lib2.final_cell_0112","alpha"
"433","mouse2_lib2.final_cell_0113","alpha"
"434","mouse2_lib2.final_cell_0114","beta"
"435","mouse2_lib2.final_cell_0115","endothelial"
"436","mouse2_lib2.final_cell_0116","alpha"
"437","mouse2_lib2.final_cell_0117","delta"
"438","mouse2_lib2.final_cell_0118","beta"
"439","mouse2_lib2.final_cell_0119","beta"
"440","mouse2_lib2.final_cell_0120","beta"
"441","mouse2_lib2.final_cell_0121","beta"
"442","mouse2_lib2.final_cell_0122","delta"
"443","mouse2_lib2.final_cell_0123","beta"
"444","mouse2_lib2.final_cell_0124","alpha"
"445","mouse2_lib2.final_cell_0125","beta"
"446","mouse2_lib2.final_cell_0126","beta"
"447","mouse2_lib2.final_cell_0127","beta"
"448","mouse2_lib2.final_cell_0128","beta"
"449","mouse2_lib2.final_cell_0129","beta"
"450","mouse2_lib2.final_cell_0130","alpha"
"451","mouse2_lib2.final_cell_0131","gamma"
"452","mouse2_lib2.final_cell_0132","beta"
"453","mouse2_lib2.final_cell_0133","beta"
"454","mouse2_lib2.final_cell_0134","beta"
"455","mouse2_lib2.final_cell_0135","alpha"
"456","mouse2_lib2.final_cell_0136","beta"
"457","mouse2_lib2.final_cell_0137","beta"
"458","mouse2_lib2.final_cell_0138","delta"
"459","mouse2_lib2.final_cell_0139","beta"
"460","mouse2_lib2.final_cell_0140","macrophage"
"461","mouse2_lib2.final_cell_0141","beta"
"462","mouse2_lib2.final_cell_0142","alpha"
"463","mouse2_lib2.final_cell_0143","alpha"
"464","mouse2_lib2.final_cell_0144","beta"
"465","mouse2_lib2.final_cell_0145","delta"
"466","mouse2_lib2.final_cell_0146","beta"
"467","mouse2_lib2.final_cell_0147","endothelial"
"468","mouse2_lib2.final_cell_0148","endothelial"
"469","mouse2_lib2.final_cell_0149","beta"
"470","mouse2_lib2.final_cell_0150","alpha"
"471","mouse2_lib2.final_cell_0151","beta"
"472","mouse2_lib2.final_cell_0152","beta"
"473","mouse2_lib2.final_cell_0153","beta"
"474","mouse2_lib2.final_cell_0154","beta"
"475","mouse2_lib2.final_cell_0155","beta"
"476","mouse2_lib2.final_cell_0156","beta"
"477","mouse2_lib2.final_cell_0157","beta"
"478","mouse2_lib2.final_cell_0158","beta"
"479","mouse2_lib2.final_cell_0159","alpha"
"480","mouse2_lib2.final_cell_0160","beta"
"481","mouse2_lib2.final_cell_0161","beta"
"482","mouse2_lib2.final_cell_0162","alpha"
"483","mouse2_lib2.final_cell_0163","delta"
"484","mouse2_lib2.final_cell_0164","beta"
"485","mouse2_lib2.final_cell_0165","delta"
"486","mouse2_lib2.final_cell_0166","beta"
"487","mouse2_lib2.final_cell_0167","endothelial"
"488","mouse2_lib2.final_cell_0168","beta"
"489","mouse2_lib2.final_cell_0169","gamma"
"490","mouse2_lib2.final_cell_0170","beta"
"491","mouse2_lib2.final_cell_0171","delta"
"492","mouse2_lib2.final_cell_0172","beta"
"493","mouse2_lib2.final_cell_0173","beta"
"494","mouse2_lib2.final_cell_0174","delta"
"495","mouse2_lib2.final_cell_0175","alpha"
"496","mouse2_lib2.final_cell_0176","beta"
"497","mouse2_lib2.final_cell_0177","delta"
"498","mouse2_lib2.final_cell_0178","beta"
"499","mouse2_lib2.final_cell_0179","beta"
"500","mouse2_lib2.final_cell_0180","alpha"
"501","mouse2_lib2.final_cell_0181","beta"
"502","mouse2_lib2.final_cell_0182","beta"
"503","mouse2_lib2.final_cell_0183","beta"
"504","mouse2_lib2.final_cell_0184","alpha"
"505","mouse2_lib2.final_cell_0185","delta"
"506","mouse2_lib2.final_cell_0186","endothelial"
"507","mouse2_lib2.final_cell_0187","beta"
"508","mouse2_lib2.final_cell_0188","ductal"
"509","mouse2_lib2.final_cell_0189","beta"
"510","mouse2_lib2.final_cell_0190","beta"
"511","mouse2_lib2.final_cell_0191","delta"
"512","mouse2_lib2.final_cell_0192","alpha"
"513","mouse2_lib2.final_cell_0193","beta"
"514","mouse2_lib2.final_cell_0194","beta"
"515","mouse2_lib2.final_cell_0195","alpha"
"516","mouse2_lib2.final_cell_0196","endothelial"
"517","mouse2_lib2.final_cell_0197","beta"
"518","mouse2_lib2.final_cell_0198","beta"
"519","mouse2_lib2.final_cell_0199","endothelial"
"520","mouse2_lib2.final_cell_0200","beta"
"521","mouse2_lib2.final_cell_0201","beta"
"522","mouse2_lib2.final_cell_0202","alpha"
"523","mouse2_lib2.final_cell_0203","alpha"
"524","mouse2_lib2.final_cell_0204","activated_stellate"
"525","mouse2_lib2.final_cell_0205","delta"
"526","mouse2_lib2.final_cell_0206","alpha"
"527","mouse2_lib2.final_cell_0207","beta"
"528","mouse2_lib2.final_cell_0208","ductal"
"529","mouse2_lib2.final_cell_0209","beta"
"530","mouse2_lib2.final_cell_0210","beta"
"531","mouse2_lib2.final_cell_0211","beta"
"532","mouse2_lib2.final_cell_0212","endothelial"
"533","mouse2_lib2.final_cell_0213","endothelial"
"534","mouse2_lib2.final_cell_0214","beta"
"535","mouse2_lib2.final_cell_0215","gamma"
"536","mouse2_lib2.final_cell_0216","beta"
"537","mouse2_lib2.final_cell_0217","quiescent_stellate"
"538","mouse2_lib2.final_cell_0218","beta"
"539","mouse2_lib2.final_cell_0219","gamma"
"540","mouse2_lib2.final_cell_0220","alpha"
"541","mouse2_lib2.final_cell_0221","beta"
"542","mouse2_lib2.final_cell_0222","delta"
"543","mouse2_lib2.final_cell_0223","ductal"
"544","mouse2_lib2.final_cell_0224","beta"
"545","mouse2_lib2.final_cell_0225","beta"
"546","mouse2_lib2.final_cell_0226","alpha"
"547","mouse2_lib2.final_cell_0227","beta"
"548","mouse2_lib2.final_cell_0228","alpha"
"549","mouse2_lib2.final_cell_0229","alpha"
"550","mouse2_lib2.final_cell_0230","beta"
"551","mouse2_lib2.final_cell_0231","beta"
"552","mouse2_lib2.final_cell_0232","macrophage"
"553","mouse2_lib2.final_cell_0233","beta"
"554","mouse2_lib2.final_cell_0234","beta"
"555","mouse2_lib2.final_cell_0235","ductal"
"556","mouse2_lib2.final_cell_0236","alpha"
"557","mouse2_lib2.final_cell_0237","macrophage"
"558","mouse2_lib2.final_cell_0238","delta"
"559","mouse2_lib2.final_cell_0239","endothelial"
"560","mouse2_lib2.final_cell_0240","alpha"
"561","mouse2_lib2.final_cell_0241","alpha"
"562","mouse2_lib2.final_cell_0242","delta"
"563","mouse2_lib2.final_cell_0243","alpha"
"564","mouse2_lib2.final_cell_0244","alpha"
"565","mouse2_lib2.final_cell_0245","beta"
"566","mouse2_lib2.final_cell_0246","delta"
"567","mouse2_lib2.final_cell_0247","endothelial"
"568","mouse2_lib2.final_cell_0248","beta"
"569","mouse2_lib2.final_cell_0249","activated_stellate"
"570","mouse2_lib2.final_cell_0250","beta"
"571","mouse2_lib2.final_cell_0251","endothelial"
"572","mouse2_lib2.final_cell_0252","activated_stellate"
"573","mouse2_lib2.final_cell_0253","beta"
"574","mouse2_lib2.final_cell_0254","beta"
"575","mouse2_lib2.final_cell_0255","alpha"
"576","mouse2_lib2.final_cell_0256","delta"
"577","mouse2_lib2.final_cell_0257","alpha"
"578","mouse2_lib2.final_cell_0258","beta"
"579","mouse2_lib2.final_cell_0259","beta"
"580","mouse2_lib2.final_cell_0260","alpha"
"581","mouse2_lib2.final_cell_0261","delta"
"582","mouse2_lib2.final_cell_0262","beta"
"583","mouse2_lib2.final_cell_0263","ductal"
"584","mouse2_lib2.final_cell_0264","macrophage"
"585","mouse2_lib2.final_cell_0265","beta"
"586","mouse2_lib2.final_cell_0266","beta"
"587","mouse2_lib2.final_cell_0267","B_cell"
"588","mouse2_lib2.final_cell_0268","beta"
"589","mouse2_lib2.final_cell_0269","endothelial"
"590","mouse2_lib2.final_cell_0270","endothelial"
"591","mouse2_lib2.final_cell_0271","endothelial"
"592","mouse2_lib2.final_cell_0272","alpha"
"593","mouse2_lib2.final_cell_0273","beta"
"594","mouse2_lib2.final_cell_0274","beta"
"595","mouse2_lib2.final_cell_0275","delta"
"596","mouse2_lib2.final_cell_0276","beta"
"597","mouse2_lib2.final_cell_0277","endothelial"
"598","mouse2_lib2.final_cell_0278","beta"
"599","mouse2_lib2.final_cell_0279","alpha"
"600","mouse2_lib2.final_cell_0280","beta"
"601","mouse2_lib2.final_cell_0281","endothelial"
"602","mouse2_lib2.final_cell_0282","alpha"
"603","mouse2_lib2.final_cell_0283","beta"
"604","mouse2_lib2.final_cell_0284","endothelial"
"605","mouse2_lib2.final_cell_0285","alpha"
"606","mouse2_lib2.final_cell_0286","delta"
"607","mouse2_lib2.final_cell_0287","beta"
"608","mouse2_lib2.final_cell_0288","beta"
"609","mouse2_lib2.final_cell_0289","beta"
"610","mouse2_lib2.final_cell_0290","delta"
"611","mouse2_lib2.final_cell_0291","quiescent_stellate"
"612","mouse2_lib2.final_cell_0292","beta"
"613","mouse2_lib2.final_cell_0293","alpha"
"614","mouse2_lib2.final_cell_0294","endothelial"
"615","mouse2_lib2.final_cell_0295","ductal"
"616","mouse2_lib2.final_cell_0296","beta"
"617","mouse2_lib2.final_cell_0297","beta"
"618","mouse2_lib2.final_cell_0298","T_cell"
"619","mouse2_lib2.final_cell_0299","endothelial"
"620","mouse2_lib2.final_cell_0300","beta"
"621","mouse2_lib2.final_cell_0301","ductal"
"622","mouse2_lib2.final_cell_0302","immune_other"
"623","mouse2_lib2.final_cell_0303","macrophage"
"624","mouse2_lib2.final_cell_0304","quiescent_stellate"
"625","mouse2_lib2.final_cell_0305","beta"
"626","mouse2_lib2.final_cell_0306","beta"
"627","mouse2_lib2.final_cell_0307","beta"
"628","mouse2_lib2.final_cell_0308","delta"
"629","mouse2_lib2.final_cell_0309","endothelial"
"630","mouse2_lib2.final_cell_0310","alpha"
"631","mouse2_lib2.final_cell_0311","beta"
"632","mouse2_lib2.final_cell_0312","beta"
"633","mouse2_lib2.final_cell_0313","beta"
"634","mouse2_lib2.final_cell_0314","delta"
"635","mouse2_lib2.final_cell_0315","beta"
"636","mouse2_lib2.final_cell_0316","beta"
"637","mouse2_lib2.final_cell_0317","beta"
"638","mouse2_lib2.final_cell_0318","beta"
"639","mouse2_lib2.final_cell_0319","beta"
"640","mouse2_lib2.final_cell_0320","beta"
"641","mouse2_lib2.final_cell_0321","delta"
"642","mouse2_lib2.final_cell_0322","alpha"
"643","mouse2_lib2.final_cell_0323","macrophage"
"644","mouse2_lib2.final_cell_0324","delta"
"645","mouse2_lib2.final_cell_0325","T_cell"
"646","mouse2_lib2.final_cell_0326","beta"
"647","mouse2_lib2.final_cell_0327","alpha"
"648","mouse2_lib2.final_cell_0328","quiescent_stellate"
"649","mouse2_lib2.final_cell_0329","quiescent_stellate"
"650","mouse2_lib2.final_cell_0330","delta"
"651","mouse2_lib2.final_cell_0331","beta"
"652","mouse2_lib2.final_cell_0332","delta"
"653","mouse2_lib2.final_cell_0333","delta"
"654","mouse2_lib2.final_cell_0334","quiescent_stellate"
"655","mouse2_lib2.final_cell_0335","delta"
"656","mouse2_lib2.final_cell_0336","quiescent_stellate"
"657","mouse2_lib2.final_cell_0337","delta"
"658","mouse2_lib2.final_cell_0338","delta"
"659","mouse2_lib2.final_cell_0339","alpha"
"660","mouse2_lib2.final_cell_0340","ductal"
"661","mouse2_lib2.final_cell_0341","delta"
"662","mouse2_lib2.final_cell_0342","beta"
"663","mouse2_lib2.final_cell_0343","B_cell"
"664","mouse2_lib2.final_cell_0344","delta"
"665","mouse2_lib2.final_cell_0345","delta"
"666","mouse2_lib2.final_cell_0346","delta"
"667","mouse2_lib2.final_cell_0347","delta"
"668","mouse2_lib2.final_cell_0348","quiescent_stellate"
"669","mouse2_lib2.final_cell_0349","endothelial"
"670","mouse2_lib3.final_cell_0001","beta"
"671","mouse2_lib3.final_cell_0002","beta"
"672","mouse2_lib3.final_cell_0003","beta"
"673","mouse2_lib3.final_cell_0004","beta"
"674","mouse2_lib3.final_cell_0005","beta"
"675","mouse2_lib3.final_cell_0006","beta"
"676","mouse2_lib3.final_cell_0007","beta"
"677","mouse2_lib3.final_cell_0008","beta"
"678","mouse2_lib3.final_cell_0009","beta"
"679","mouse2_lib3.final_cell_0010","beta"
"680","mouse2_lib3.final_cell_0011","beta"
"681","mouse2_lib3.final_cell_0012","beta"
"682","mouse2_lib3.final_cell_0013","delta"
"683","mouse2_lib3.final_cell_0014","delta"
"684","mouse2_lib3.final_cell_0015","beta"
"685","mouse2_lib3.final_cell_0016","activated_stellate"
"686","mouse2_lib3.final_cell_0017","beta"
"687","mouse2_lib3.final_cell_0018","beta"
"688","mouse2_lib3.final_cell_0019","beta"
"689","mouse2_lib3.final_cell_0020","alpha"
"690","mouse2_lib3.final_cell_0021","alpha"
"691","mouse2_lib3.final_cell_0022","beta"
"692","mouse2_lib3.final_cell_0023","beta"
"693","mouse2_lib3.final_cell_0024","beta"
"694","mouse2_lib3.final_cell_0025","beta"
"695","mouse2_lib3.final_cell_0026","alpha"
"696","mouse2_lib3.final_cell_0027","beta"
"697","mouse2_lib3.final_cell_0028","beta"
"698","mouse2_lib3.final_cell_0029","beta"
"699","mouse2_lib3.final_cell_0030","alpha"
"700","mouse2_lib3.final_cell_0031","beta"
"701","mouse2_lib3.final_cell_0032","beta"
"702","mouse2_lib3.final_cell_0033","delta"
"703","mouse2_lib3.final_cell_0034","schwann"
"704","mouse2_lib3.final_cell_0035","beta"
"705","mouse2_lib3.final_cell_0036","beta"
"706","mouse2_lib3.final_cell_0037","beta"
"707","mouse2_lib3.final_cell_0038","beta"
"708","mouse2_lib3.final_cell_0039","gamma"
"709","mouse2_lib3.final_cell_0040","beta"
"710","mouse2_lib3.final_cell_0041","delta"
"711","mouse2_lib3.final_cell_0042","beta"
"712","mouse2_lib3.final_cell_0043","beta"
"713","mouse2_lib3.final_cell_0044","beta"
"714","mouse2_lib3.final_cell_0045","beta"
"715","mouse2_lib3.final_cell_0046","beta"
"716","mouse2_lib3.final_cell_0047","beta"
"717","mouse2_lib3.final_cell_0048","delta"
"718","mouse2_lib3.final_cell_0049","beta"
"719","mouse2_lib3.final_cell_0050","alpha"
"720","mouse2_lib3.final_cell_0051","beta"
"721","mouse2_lib3.final_cell_0052","beta"
"722","mouse2_lib3.final_cell_0053","beta"
"723","mouse2_lib3.final_cell_0054","beta"
"724","mouse2_lib3.final_cell_0055","beta"
"725","mouse2_lib3.final_cell_0056","beta"
"726","mouse2_lib3.final_cell_0057","beta"
"727","mouse2_lib3.final_cell_0058","beta"
"728","mouse2_lib3.final_cell_0059","beta"
"729","mouse2_lib3.final_cell_0060","beta"
"730","mouse2_lib3.final_cell_0061","ductal"
"731","mouse2_lib3.final_cell_0062","beta"
"732","mouse2_lib3.final_cell_0063","alpha"
"733","mouse2_lib3.final_cell_0064","alpha"
"734","mouse2_lib3.final_cell_0065","schwann"
"735","mouse2_lib3.final_cell_0066","alpha"
"736","mouse2_lib3.final_cell_0067","beta"
"737","mouse2_lib3.final_cell_0068","beta"
"738","mouse2_lib3.final_cell_0069","ductal"
"739","mouse2_lib3.final_cell_0070","alpha"
"740","mouse2_lib3.final_cell_0071","beta"
"741","mouse2_lib3.final_cell_0072","delta"
"742","mouse2_lib3.final_cell_0073","alpha"
"743","mouse2_lib3.final_cell_0074","delta"
"744","mouse2_lib3.final_cell_0075","delta"
"745","mouse2_lib3.final_cell_0076","alpha"
"746","mouse2_lib3.final_cell_0077","beta"
"747","mouse2_lib3.final_cell_0078","alpha"
"748","mouse2_lib3.final_cell_0079","beta"
"749","mouse2_lib3.final_cell_0080","beta"
"750","mouse2_lib3.final_cell_0081","delta"
"751","mouse2_lib3.final_cell_0082","alpha"
"752","mouse2_lib3.final_cell_0083","beta"
"753","mouse2_lib3.final_cell_0084","beta"
"754","mouse2_lib3.final_cell_0085","beta"
"755","mouse2_lib3.final_cell_0086","alpha"
"756","mouse2_lib3.final_cell_0087","alpha"
"757","mouse2_lib3.final_cell_0088","beta"
"758","mouse2_lib3.final_cell_0089","beta"
"759","mouse2_lib3.final_cell_0090","beta"
"760","mouse2_lib3.final_cell_0091","alpha"
"761","mouse2_lib3.final_cell_0092","beta"
"762","mouse2_lib3.final_cell_0093","alpha"
"763","mouse2_lib3.final_cell_0094","alpha"
"764","mouse2_lib3.final_cell_0095","alpha"
"765","mouse2_lib3.final_cell_0096","beta"
"766","mouse2_lib3.final_cell_0097","delta"
"767","mouse2_lib3.final_cell_0098","beta"
"768","mouse2_lib3.final_cell_0099","beta"
"769","mouse2_lib3.final_cell_0100","alpha"
"770","mouse2_lib3.final_cell_0101","beta"
"771","mouse2_lib3.final_cell_0102","beta"
"772","mouse2_lib3.final_cell_0103","beta"
"773","mouse2_lib3.final_cell_0104","beta"
"774","mouse2_lib3.final_cell_0105","delta"
"775","mouse2_lib3.final_cell_0106","alpha"
"776","mouse2_lib3.final_cell_0107","beta"
"777","mouse2_lib3.final_cell_0108","alpha"
"778","mouse2_lib3.final_cell_0109","alpha"
"779","mouse2_lib3.final_cell_0110","beta"
"780","mouse2_lib3.final_cell_0111","beta"
"781","mouse2_lib3.final_cell_0112","alpha"
"782","mouse2_lib3.final_cell_0113","beta"
"783","mouse2_lib3.final_cell_0114","beta"
"784","mouse2_lib3.final_cell_0115","alpha"
"785","mouse2_lib3.final_cell_0116","delta"
"786","mouse2_lib3.final_cell_0117","beta"
"787","mouse2_lib3.final_cell_0118","alpha"
"788","mouse2_lib3.final_cell_0119","beta"
"789","mouse2_lib3.final_cell_0120","beta"
"790","mouse2_lib3.final_cell_0121","beta"
"791","mouse2_lib3.final_cell_0122","beta"
"792","mouse2_lib3.final_cell_0123","beta"
"793","mouse2_lib3.final_cell_0124","beta"
"794","mouse2_lib3.final_cell_0125","delta"
"795","mouse2_lib3.final_cell_0126","delta"
"796","mouse2_lib3.final_cell_0127","beta"
"797","mouse2_lib3.final_cell_0128","beta"
"798","mouse2_lib3.final_cell_0129","beta"
"799","mouse2_lib3.final_cell_0130","alpha"
"800","mouse2_lib3.final_cell_0131","ductal"
"801","mouse2_lib3.final_cell_0132","beta"
"802","mouse2_lib3.final_cell_0133","beta"
"803","mouse2_lib3.final_cell_0134","beta"
"804","mouse2_lib3.final_cell_0135","beta"
"805","mouse2_lib3.final_cell_0136","beta"
"806","mouse2_lib3.final_cell_0137","beta"
"807","mouse2_lib3.final_cell_0138","beta"
"808","mouse2_lib3.final_cell_0139","beta"
"809","mouse2_lib3.final_cell_0140","delta"
"810","mouse2_lib3.final_cell_0141","beta"
"811","mouse2_lib3.final_cell_0142","alpha"
"812","mouse2_lib3.final_cell_0143","beta"
"813","mouse2_lib3.final_cell_0144","delta"
"814","mouse2_lib3.final_cell_0145","alpha"
"815","mouse2_lib3.final_cell_0146","B_cell"
"816","mouse2_lib3.final_cell_0147","beta"
"817","mouse2_lib3.final_cell_0148","alpha"
"818","mouse2_lib3.final_cell_0149","delta"
"819","mouse2_lib3.final_cell_0150","beta"
"820","mouse2_lib3.final_cell_0151","alpha"
"821","mouse2_lib3.final_cell_0152","delta"
"822","mouse2_lib3.final_cell_0153","alpha"
"823","mouse2_lib3.final_cell_0154","beta"
"824","mouse2_lib3.final_cell_0155","alpha"
"825","mouse2_lib3.final_cell_0156","beta"
"826","mouse2_lib3.final_cell_0157","alpha"
"827","mouse2_lib3.final_cell_0158","alpha"
"828","mouse2_lib3.final_cell_0159","beta"
"829","mouse2_lib3.final_cell_0160","alpha"
"830","mouse2_lib3.final_cell_0161","beta"
"831","mouse2_lib3.final_cell_0162","beta"
"832","mouse2_lib3.final_cell_0163","alpha"
"833","mouse2_lib3.final_cell_0164","beta"
"834","mouse2_lib3.final_cell_0165","macrophage"
"835","mouse2_lib3.final_cell_0166","beta"
"836","mouse2_lib3.final_cell_0167","beta"
"837","mouse2_lib3.final_cell_0168","alpha"
"838","mouse2_lib3.final_cell_0169","beta"
"839","mouse2_lib3.final_cell_0170","beta"
"840","mouse2_lib3.final_cell_0171","ductal"
"841","mouse2_lib3.final_cell_0172","gamma"
"842","mouse2_lib3.final_cell_0173","beta"
"843","mouse2_lib3.final_cell_0174","alpha"
"844","mouse2_lib3.final_cell_0175","beta"
"845","mouse2_lib3.final_cell_0176","beta"
"846","mouse2_lib3.final_cell_0177","beta"
"847","mouse2_lib3.final_cell_0178","delta"
"848","mouse2_lib3.final_cell_0179","beta"
"849","mouse2_lib3.final_cell_0180","gamma"
"850","mouse2_lib3.final_cell_0181","endothelial"
"851","mouse2_lib3.final_cell_0182","alpha"
"852","mouse2_lib3.final_cell_0183","alpha"
"853","mouse2_lib3.final_cell_0184","alpha"
"854","mouse2_lib3.final_cell_0185","alpha"
"855","mouse2_lib3.final_cell_0186","beta"
"856","mouse2_lib3.final_cell_0187","beta"
"857","mouse2_lib3.final_cell_0188","alpha"
"858","mouse2_lib3.final_cell_0189","beta"
"859","mouse2_lib3.final_cell_0190","beta"
"860","mouse2_lib3.final_cell_0191","beta"
"861","mouse2_lib3.final_cell_0192","endothelial"
"862","mouse2_lib3.final_cell_0193","alpha"
"863","mouse2_lib3.final_cell_0194","gamma"
"864","mouse2_lib3.final_cell_0195","beta"
"865","mouse2_lib3.final_cell_0196","beta"
"866","mouse2_lib3.final_cell_0197","alpha"
"867","mouse2_lib3.final_cell_0198","delta"
"868","mouse2_lib3.final_cell_0199","ductal"
"869","mouse2_lib3.final_cell_0200","beta"
"870","mouse2_lib3.final_cell_0201","beta"
"871","mouse2_lib3.final_cell_0202","beta"
"872","mouse2_lib3.final_cell_0203","alpha"
"873","mouse2_lib3.final_cell_0204","ductal"
"874","mouse2_lib3.final_cell_0205","alpha"
"875","mouse2_lib3.final_cell_0206","endothelial"
"876","mouse2_lib3.final_cell_0207","alpha"
"877","mouse2_lib3.final_cell_0208","beta"
"878","mouse2_lib3.final_cell_0209","alpha"
"879","mouse2_lib3.final_cell_0210","alpha"
"880","mouse2_lib3.final_cell_0211","activated_stellate"
"881","mouse2_lib3.final_cell_0212","delta"
"882","mouse2_lib3.final_cell_0213","delta"
"883","mouse2_lib3.final_cell_0214","ductal"
"884","mouse2_lib3.final_cell_0215","beta"
"885","mouse2_lib3.final_cell_0216","beta"
"886","mouse2_lib3.final_cell_0217","beta"
"887","mouse2_lib3.final_cell_0218","alpha"
"888","mouse2_lib3.final_cell_0219","beta"
"889","mouse2_lib3.final_cell_0220","gamma"
"890","mouse2_lib3.final_cell_0221","beta"
"891","mouse2_lib3.final_cell_0222","beta"
"892","mouse2_lib3.final_cell_0223","beta"
"893","mouse2_lib3.final_cell_0224","endothelial"
"894","mouse2_lib3.final_cell_0225","ductal"
"895","mouse2_lib3.final_cell_0226","beta"
"896","mouse2_lib3.final_cell_0227","alpha"
"897","mouse2_lib3.final_cell_0228","endothelial"
"898","mouse2_lib3.final_cell_0229","beta"
"899","mouse2_lib3.final_cell_0230","beta"
"900","mouse2_lib3.final_cell_0231","beta"
"901","mouse2_lib3.final_cell_0232","macrophage"
"902","mouse2_lib3.final_cell_0233","macrophage"
"903","mouse2_lib3.final_cell_0234","beta"
"904","mouse2_lib3.final_cell_0235","beta"
"905","mouse2_lib3.final_cell_0236","alpha"
"906","mouse2_lib3.final_cell_0237","quiescent_stellate"
"907","mouse2_lib3.final_cell_0238","alpha"
"908","mouse2_lib3.final_cell_0239","beta"
"909","mouse2_lib3.final_cell_0240","endothelial"
"910","mouse2_lib3.final_cell_0241","alpha"
"911","mouse2_lib3.final_cell_0242","endothelial"
"912","mouse2_lib3.final_cell_0243","beta"
"913","mouse2_lib3.final_cell_0244","beta"
"914","mouse2_lib3.final_cell_0245","beta"
"915","mouse2_lib3.final_cell_0246","beta"
"916","mouse2_lib3.final_cell_0247","beta"
"917","mouse2_lib3.final_cell_0248","beta"
"918","mouse2_lib3.final_cell_0249","alpha"
"919","mouse2_lib3.final_cell_0250","alpha"
"920","mouse2_lib3.final_cell_0251","endothelial"
"921","mouse2_lib3.final_cell_0252","beta"
"922","mouse2_lib3.final_cell_0253","endothelial"
"923","mouse2_lib3.final_cell_0254","beta"
"924","mouse2_lib3.final_cell_0255","delta"
"925","mouse2_lib3.final_cell_0256","beta"
"926","mouse2_lib3.final_cell_0257","beta"
"927","mouse2_lib3.final_cell_0258","beta"
"928","mouse2_lib3.final_cell_0259","endothelial"
"929","mouse2_lib3.final_cell_0260","beta"
"930","mouse2_lib3.final_cell_0261","beta"
"931","mouse2_lib3.final_cell_0262","endothelial"
"932","mouse2_lib3.final_cell_0263","beta"
"933","mouse2_lib3.final_cell_0264","endothelial"
"934","mouse2_lib3.final_cell_0265","beta"
"935","mouse2_lib3.final_cell_0266","beta"
"936","mouse2_lib3.final_cell_0267","beta"
"937","mouse2_lib3.final_cell_0268","beta"
"938","mouse2_lib3.final_cell_0269","gamma"
"939","mouse2_lib3.final_cell_0270","beta"
"940","mouse2_lib3.final_cell_0271","beta"
"941","mouse2_lib3.final_cell_0272","alpha"
"942","mouse2_lib3.final_cell_0273","ductal"
"943","mouse2_lib3.final_cell_0274","activated_stellate"
"944","mouse2_lib3.final_cell_0275","beta"
"945","mouse2_lib3.final_cell_0276","beta"
"946","mouse2_lib3.final_cell_0277","delta"
"947","mouse2_lib3.final_cell_0278","delta"
"948","mouse2_lib3.final_cell_0279","alpha"
"949","mouse2_lib3.final_cell_0280","beta"
"950","mouse2_lib3.final_cell_0281","delta"
"951","mouse2_lib3.final_cell_0282","beta"
"952","mouse2_lib3.final_cell_0283","alpha"
"953","mouse2_lib3.final_cell_0284","endothelial"
"954","mouse2_lib3.final_cell_0285","beta"
"955","mouse2_lib3.final_cell_0286","beta"
"956","mouse2_lib3.final_cell_0287","beta"
"957","mouse2_lib3.final_cell_0288","beta"
"958","mouse2_lib3.final_cell_0289","endothelial"
"959","mouse2_lib3.final_cell_0290","alpha"
"960","mouse2_lib3.final_cell_0291","beta"
"961","mouse2_lib3.final_cell_0292","endothelial"
"962","mouse2_lib3.final_cell_0293","alpha"
"963","mouse2_lib3.final_cell_0294","beta"
"964","mouse2_lib3.final_cell_0295","alpha"
"965","mouse2_lib3.final_cell_0296","endothelial"
"966","mouse2_lib3.final_cell_0297","endothelial"
"967","mouse2_lib3.final_cell_0298","beta"
"968","mouse2_lib3.final_cell_0299","beta"
"969","mouse2_lib3.final_cell_0300","beta"
"970","mouse2_lib3.final_cell_0301","beta"
"971","mouse2_lib3.final_cell_0302","beta"
"972","mouse2_lib3.final_cell_0303","beta"
"973","mouse2_lib3.final_cell_0304","beta"
"974","mouse2_lib3.final_cell_0305","endothelial"
"975","mouse2_lib3.final_cell_0306","delta"
"976","mouse2_lib3.final_cell_0307","quiescent_stellate"
"977","mouse2_lib3.final_cell_0308","endothelial"
"978","mouse2_lib3.final_cell_0309","beta"
"979","mouse2_lib3.final_cell_0310","macrophage"
"980","mouse2_lib3.final_cell_0311","beta"
"981","mouse2_lib3.final_cell_0312","beta"
"982","mouse2_lib3.final_cell_0313","beta"
"983","mouse2_lib3.final_cell_0314","endothelial"
"984","mouse2_lib3.final_cell_0315","quiescent_stellate"
"985","mouse2_lib3.final_cell_0316","endothelial"
"986","mouse2_lib3.final_cell_0317","endothelial"
"987","mouse2_lib3.final_cell_0318","delta"
"988","mouse2_lib3.final_cell_0319","beta"
"989","mouse2_lib3.final_cell_0320","immune_other"
"990","mouse2_lib3.final_cell_0321","beta"
"991","mouse2_lib3.final_cell_0322","delta"
"992","mouse2_lib3.final_cell_0323","beta"
"993","mouse2_lib3.final_cell_0324","gamma"
"994","mouse2_lib3.final_cell_0325","endothelial"
"995","mouse2_lib3.final_cell_0326","beta"
"996","mouse2_lib3.final_cell_0327","beta"
"997","mouse2_lib3.final_cell_0328","alpha"
"998","mouse2_lib3.final_cell_0329","macrophage"
"999","mouse2_lib3.final_cell_0330","alpha"
"1000","mouse2_lib3.final_cell_0331","ductal"
"1001","mouse2_lib3.final_cell_0332","beta"
"1002","mouse2_lib3.final_cell_0333","beta"
"1003","mouse2_lib3.final_cell_0334","beta"
"1004","mouse2_lib3.final_cell_0335","beta"
"1005","mouse2_lib3.final_cell_0336","ductal"
"1006","mouse2_lib3.final_cell_0337","beta"
"1007","mouse2_lib3.final_cell_0338","endothelial"
"1008","mouse2_lib3.final_cell_0339","alpha"
"1009","mouse2_lib3.final_cell_0340","endothelial"
"1010","mouse2_lib3.final_cell_0341","delta"
"1011","mouse2_lib3.final_cell_0342","beta"
"1012","mouse2_lib3.final_cell_0343","beta"
"1013","mouse2_lib3.final_cell_0344","beta"
"1014","mouse2_lib3.final_cell_0345","alpha"
"1015","mouse2_lib3.final_cell_0346","beta"
"1016","mouse2_lib3.final_cell_0347","quiescent_stellate"
"1017","mouse2_lib3.final_cell_0348","beta"
"1018","mouse2_lib3.final_cell_0349","alpha"
"1019","mouse2_lib3.final_cell_0350","delta"
"1020","mouse2_lib3.final_cell_0351","beta"
"1021","mouse2_lib3.final_cell_0352","beta"
"1022","mouse2_lib3.final_cell_0353","endothelial"
"1023","mouse2_lib3.final_cell_0354","endothelial"
"1024","mouse2_lib3.final_cell_0355","delta"
"1025","mouse2_lib3.final_cell_0356","beta"
"1026","mouse2_lib3.final_cell_0357","beta"
"1027","mouse2_lib3.final_cell_0358","ductal"
"1028","mouse2_lib3.final_cell_0359","quiescent_stellate"
"1029","mouse2_lib3.final_cell_0360","ductal"
"1030","mouse2_lib3.final_cell_0361","beta"
"1031","mouse2_lib3.final_cell_0362","beta"
"1032","mouse2_lib3.final_cell_0363","beta"
"1033","mouse2_lib3.final_cell_0364","beta"
"1034","mouse2_lib3.final_cell_0365","beta"
"1035","mouse2_lib3.final_cell_0366","endothelial"
"1036","mouse2_lib3.final_cell_0367","beta"
"1037","mouse2_lib3.final_cell_0368","T_cell"
"1038","mouse2_lib3.final_cell_0369","endothelial"
"1039","mouse2_lib3.final_cell_0370","beta"
"1040","mouse2_lib3.final_cell_0371","B_cell"
"1041","mouse2_lib3.final_cell_0372","endothelial"
"1042","mouse2_lib3.final_cell_0373","quiescent_stellate"
"1043","mouse2_lib3.final_cell_0374","beta"
"1044","mouse2_lib3.final_cell_0375","beta"
"1045","mouse2_lib3.final_cell_0376","beta"
"1046","mouse2_lib3.final_cell_0377","beta"
"1047","mouse2_lib3.final_cell_0378","delta"
"1048","mouse2_lib3.final_cell_0379","ductal"
"1049","mouse2_lib3.final_cell_0380","ductal"
"1050","mouse2_lib3.final_cell_0381","beta"
"1051","mouse2_lib3.final_cell_0382","beta"
"1052","mouse2_lib3.final_cell_0383","immune_other"
"1053","mouse2_lib3.final_cell_0384","beta"
"1054","mouse2_lib3.final_cell_0385","beta"
"1055","mouse2_lib3.final_cell_0386","delta"
"1056","mouse2_lib3.final_cell_0387","delta"
"1057","mouse2_lib3.final_cell_0388","delta"
"1058","mouse2_lib3.final_cell_0389","endothelial"
"1059","mouse2_lib3.final_cell_0390","ductal"
"1060","mouse2_lib3.final_cell_0391","beta"
"1061","mouse2_lib3.final_cell_0392","beta"
"1062","mouse2_lib3.final_cell_0393","ductal"
"1063","mouse2_lib3.final_cell_0394","quiescent_stellate"
"1064","mouse2_lib3.final_cell_0395","ductal"
